"long","lat","region","cluster"
20.5902474301049,41.8554041611336,"Albania",NA
20.4631750830992,41.5150890162753,"Albania",NA
20.6051819190374,41.0862263046852,"Albania",NA
21.0200403174764,40.8427269557259,"Albania",NA
20.9999898617472,40.580003973954,"Albania",NA
20.6749967790636,40.434999904943,"Albania",NA
20.6150004411728,40.1100068222594,"Albania",NA
20.1500159034105,39.624997666984,"Albania",NA
19.9800004411701,39.6949933945234,"Albania",NA
19.9600016618732,39.915005805006,"Albania",NA
19.4060819841367,40.2507734238225,"Albania",NA
19.3190588721571,40.7272301295536,"Albania",NA
19.4035498389543,41.4095657415355,"Albania",NA
19.5400272966371,41.7199860703128,"Albania",NA
19.371768833095,41.8775475123707,"Albania",NA
19.3044861182508,42.1957451442078,"Albania",NA
19.7380513851796,42.6882473821656,"Albania",NA
19.8016133968987,42.5000934921908,"Albania",NA
20.0707,42.5886300000001,"Albania",NA
20.2837545101819,42.3202595078151,"Albania",NA
20.52295,42.2178700000001,"Albania",NA
20.5902474301049,41.8554041611336,"Albania",NA
16.979666782304,48.1234970159763,"Austria",NA
16.9037541032673,47.7148656276283,"Austria",NA
16.3405843441504,47.7129019232012,"Austria",NA
16.5342676123804,47.4961709661691,"Austria",NA
16.2022982113374,46.852385972677,"Austria",NA
16.0116638526127,46.6836107448117,"Austria",NA
15.137091912505,46.658702704447,"Austria",NA
14.6324715511748,46.4318173284695,"Austria",NA
13.8064754574215,46.5093061386912,"Austria",NA
12.3764852230408,46.7675591090699,"Austria",NA
12.1530880062431,47.1153931748265,"Austria",NA
11.1648279150933,46.9415794948127,"Austria",NA
11.0485559424365,46.7513585475463,"Austria",NA
10.4427014502466,46.8935462509974,"Austria",NA
9.93244835779666,46.920728054383,"Austria",NA
9.47996951664902,47.1028099635634,"Austria",NA
9.63293175623298,47.34760122333,"Austria",NA
9.59422610844635,47.5250580918203,"Austria",NA
9.89606814946319,47.5801968450757,"Austria",NA
10.4020837744652,47.3024876979392,"Austria",NA
10.5445040218616,47.5663992376538,"Austria",NA
11.4264140153547,47.523766181013,"Austria",NA
12.1413574561128,47.7030834010658,"Austria",NA
12.6207597184845,47.6723876002844,"Austria",NA
12.9326269873659,47.467645575544,"Austria",NA
13.0258512712205,47.6375835231358,"Austria",NA
12.8841028174439,48.2891458196879,"Austria",NA
13.243357374737,48.4161148138291,"Austria",NA
13.5959456722644,48.8771719427371,"Austria",NA
14.3388977393247,48.5553052842072,"Austria",NA
14.9014473812541,48.9644017604458,"Austria",NA
15.253415561594,49.0390742051076,"Austria",NA
16.0296472510502,48.7338990342079,"Austria",NA
16.4992826677188,48.7858080104451,"Austria",NA
16.9602881201946,48.5969823268506,"Austria",NA
16.879982944413,48.4700133327095,"Austria",NA
16.979666782304,48.1234970159763,"Austria",NA
3.31497114422854,51.3457809515361,"Belgium",NA
4.04707116050753,51.2672586126686,"Belgium",NA
4.97399132652691,51.4750237086981,"Belgium",NA
5.60697594567,51.0372984889698,"Belgium",NA
6.15665815595878,50.8037210150106,"Belgium",NA
6.04307335778111,50.1280516627942,"Belgium",NA
5.78241743330091,50.0903278672212,"Belgium",NA
5.67405195478483,49.5294835475575,"Belgium",NA
4.79922163251581,49.9853730332364,"Belgium",NA
4.28602298342508,49.9074966497726,"Belgium",NA
3.58818444175569,50.3789924180036,"Belgium",NA
3.1232515804258,50.7803632676146,"Belgium",NA
2.65842207196027,50.7968480495157,"Belgium",NA
2.51357303224614,51.1485061712618,"Belgium",NA
3.31497114422854,51.3457809515361,"Belgium",NA
22.657149692483,44.2349230006613,"Bulgaria",NA
22.9448323910518,43.8237853053471,"Bulgaria",NA
23.3323022803763,43.8970108099047,"Bulgaria",NA
24.1006791521242,43.7410513372479,"Bulgaria",NA
25.5692716814269,43.6884447291747,"Bulgaria",NA
26.0651587256997,43.9434937607513,"Bulgaria",NA
27.2423995297409,44.1759860296324,"Bulgaria",NA
27.9701070492751,43.8124681666752,"Bulgaria",NA
28.558081495892,43.7074616562581,"Bulgaria",NA
28.0390950863847,43.2931716985742,"Bulgaria",NA
27.673897739378,42.5778923610062,"Bulgaria",NA
27.9967204119054,42.0073587102878,"Bulgaria",NA
27.1357393734905,42.1414848903013,"Bulgaria",NA
26.1170418637208,41.8269046087246,"Bulgaria",NA
26.1061381365072,41.3288988307278,"Bulgaria",NA
25.1972013689254,41.2344859889305,"Bulgaria",NA
24.492644891058,41.583896185872,"Bulgaria",NA
23.6920736019923,41.3090809189439,"Bulgaria",NA
22.9523771501665,41.3379938828111,"Bulgaria",NA
22.8813737321974,41.9992971868503,"Bulgaria",NA
22.3805257504246,42.3202595078151,"Bulgaria",NA
22.5450118344096,42.461362006188,"Bulgaria",NA
22.4365946794613,42.5803211533239,"Bulgaria",NA
22.6048014665713,42.8985187851611,"Bulgaria",NA
22.9860185075885,43.211161200527,"Bulgaria",NA
22.5001566911803,43.642814439461,"Bulgaria",NA
22.4104464047216,44.0080634629,"Bulgaria",NA
22.657149692483,44.2349230006613,"Bulgaria",NA
9.59422610844635,47.5250580918203,"Switzerland",NA
9.63293175623298,47.34760122333,"Switzerland",NA
9.47996951664902,47.1028099635634,"Switzerland",NA
9.93244835779666,46.920728054383,"Switzerland",NA
10.4427014502466,46.8935462509974,"Switzerland",NA
10.3633781266786,46.4835712754099,"Switzerland",NA
9.92283654139038,46.3148994004092,"Switzerland",NA
9.18288170740306,46.440214748717,"Switzerland",NA
8.96630577966781,46.0369318711112,"Switzerland",NA
8.48995242680132,46.0051508652517,"Switzerland",NA
8.31662967289438,46.1636424830909,"Switzerland",NA
7.75599205895983,45.8244900579593,"Switzerland",NA
7.27385094567666,45.7769477402508,"Switzerland",NA
6.84359297041451,45.9911465521006,"Switzerland",NA
6.50009972497043,46.4296727565294,"Switzerland",NA
6.02260949059354,46.2729898138205,"Switzerland",NA
6.037388950229,46.7257787135619,"Switzerland",NA
6.76871382002361,47.2877082383037,"Switzerland",NA
6.73657107913806,47.5418012558828,"Switzerland",NA
7.19220218265551,47.449765529971,"Switzerland",NA
7.46675906742223,47.6205819769118,"Switzerland",NA
8.31730146651415,47.6135798203363,"Switzerland",NA
8.52261193200977,47.8308275416913,"Switzerland",NA
9.59422610844635,47.5250580918203,"Switzerland",NA
33.9736165707835,35.058506374648,"Cyprus",NA
34.00488081232,34.9780978460019,"Cyprus",NA
32.9798271013784,34.5718694117554,"Cyprus",NA
32.4902962582775,34.7016547714565,"Cyprus",NA
32.256667107886,35.1032323267966,"Cyprus",NA
32.7317802263775,35.1400259465884,"Cyprus",NA
32.9195723813261,35.0878327499736,"Cyprus",NA
33.190977003723,35.1731247014714,"Cyprus",NA
33.3838334490363,35.1627119003646,"Cyprus",NA
33.4559220720835,35.1014236516664,"Cyprus",NA
33.4758174985159,35.0003445501035,"Cyprus",NA
33.5256852556775,35.0386884628641,"Cyprus",NA
33.6753918800271,35.0178628606505,"Cyprus",NA
33.8664396502101,35.0935946721742,"Cyprus",NA
33.9736165707835,35.058506374648,"Cyprus",NA
9.92190636560923,54.983104153048,"Germany",NA
9.9395797054529,54.5966419541533,"Germany",NA
10.9501123389205,54.3636070827332,"Germany",NA
10.9394669938685,54.0086933457526,"Germany",NA
11.9562524756433,54.1964855007012,"Germany",NA
12.5184403825467,54.470370591848,"Germany",NA
13.6474670752595,54.0755109727059,"Germany",NA
14.1196863135426,53.757029120491,"Germany",NA
14.3533154639342,53.2481712917131,"Germany",NA
14.0745211117194,52.9812625189253,"Germany",NA
14.4375997250022,52.6248501654083,"Germany",NA
14.6850264828157,52.0899474147552,"Germany",NA
14.6070984229196,51.74518809672,"Germany",NA
15.0169958838588,51.1066740993217,"Germany",NA
14.5707182145861,51.0023393825244,"Germany",NA
14.3070133806007,51.1172677679414,"Germany",NA
14.0562276546883,50.9269176295944,"Germany",NA
13.3381319515604,50.7332343613643,"Germany",NA
12.9668367855433,50.4840764430692,"Germany",NA
12.2401111182227,50.2663377956072,"Germany",NA
12.4151908708275,49.9691207952806,"Germany",NA
12.5210242041613,49.5474152695627,"Germany",NA
13.0313289730435,49.3070681829732,"Germany",NA
13.5959456722646,48.8771719427372,"Germany",NA
13.2433573747371,48.416114813829,"Germany",NA
12.8841028174439,48.2891458196879,"Germany",NA
13.0258512712205,47.637583523136,"Germany",NA
12.9326269873661,47.467645575544,"Germany",NA
12.6207597184845,47.6723876002844,"Germany",NA
12.1413574561129,47.7030834010658,"Germany",NA
11.4264140153549,47.5237661810131,"Germany",NA
10.5445040218616,47.5663992376538,"Germany",NA
10.4020837744653,47.3024876979392,"Germany",NA
9.89606814946319,47.5801968450757,"Germany",NA
9.59422610844638,47.5250580918202,"Germany",NA
8.5226119320098,47.8308275416913,"Germany",NA
8.3173014665141,47.6135798203363,"Germany",NA
7.46675906742229,47.6205819769119,"Germany",NA
7.59367638513106,48.3330191107037,"Germany",NA
8.09927859867486,49.0177835150034,"Germany",NA
6.65822960778371,49.2019583196916,"Germany",NA
6.18632042809418,49.4638028021145,"Germany",NA
6.24275109215699,49.9022256536787,"Germany",NA
6.04307335778111,50.1280516627942,"Germany",NA
6.15665815595878,50.8037210150106,"Germany",NA
5.98865807457781,51.8516157090251,"Germany",NA
6.58939659997083,51.8520291204834,"Germany",NA
6.84286950036238,52.2284402532975,"Germany",NA
7.0920532568739,53.1440432806449,"Germany",NA
6.90513960127413,53.4821621771306,"Germany",NA
7.10042483890527,53.6939321966627,"Germany",NA
7.93623945479396,53.7482958034338,"Germany",NA
8.12170617028949,53.5277924668443,"Germany",NA
8.80073449060467,54.0207856309089,"Germany",NA
8.57211795414537,54.3956464707541,"Germany",NA
8.52622928227021,54.9627436387252,"Germany",NA
9.28204878097114,54.8308653835163,"Germany",NA
9.92190636560923,54.983104153048,"Germany",NA
10.9121818376184,56.4586213242779,"Denmark",NA
10.66780398931,56.0813833685472,"Denmark",NA
10.369992710012,56.1900072292247,"Denmark",NA
9.64998497888931,55.4699994981021,"Denmark",NA
9.92190636560917,54.9831041530481,"Denmark",NA
9.28204878097114,54.8308653835162,"Denmark",NA
8.52622928227024,54.962743638725,"Denmark",NA
8.12031090661759,55.5177226833236,"Denmark",NA
8.08997684086225,56.5400117051376,"Denmark",NA
8.25658165857126,56.8099693874303,"Denmark",NA
8.54343753422339,57.1100027533169,"Denmark",NA
9.42446902836761,57.1720661484995,"Denmark",NA
9.77555870935856,57.4479407822897,"Denmark",NA
10.5800057308462,57.7300165879549,"Denmark",NA
10.5461059912627,57.2157327337862,"Denmark",NA
10.2500000342302,56.8900161810505,"Denmark",NA
10.369992710012,56.6099815944608,"Denmark",NA
10.9121818376184,56.4586213242779,"Denmark",NA
-9.03481767418025,41.8805705836597,"Spain",NA
-8.98443315269567,42.5927751735063,"Spain",NA
-9.39288367353065,43.0266246608127,"Spain",NA
-7.97818966310831,43.748337714201,"Spain",NA
-6.75449174643676,43.5679094508539,"Spain",NA
-5.4118863590616,43.5742398138097,"Spain",NA
-4.34784277995578,43.403449205085,"Spain",NA
-3.51753170410609,43.4559007838613,"Spain",NA
-1.90135128417776,43.4228020289783,"Spain",NA
-1.50277096191053,43.0340143906304,"Spain",NA
0.338046909190581,42.5795460068395,"Spain",NA
0.701590610363894,42.7957343613326,"Spain",NA
1.82679324708715,42.3433847112657,"Spain",NA
2.98599897625846,42.4730150416699,"Spain",NA
3.03948408368055,41.8921202662769,"Spain",NA
2.09184166831218,41.2260885686831,"Spain",NA
0.810524529635188,41.0147319606093,"Spain",NA
0.721331007499401,40.6783183863892,"Spain",NA
0.106691521819869,40.123933620762,"Spain",NA
-0.278711310212941,39.3099781357327,"Spain",NA
0.111290724293838,38.738514309233,"Spain",NA
-0.467123582349103,38.2923658310412,"Spain",NA
-0.683389451490598,37.6423538274578,"Spain",NA
-1.43838212727485,37.4430636663242,"Spain",NA
-2.14645260253812,36.6741441920373,"Spain",NA
-3.41578080892339,36.6588996445112,"Spain",NA
-4.36890092611472,36.6778390569462,"Spain",NA
-4.99521928549221,36.3247081568796,"Spain",NA
-5.37715979656146,35.9468500839615,"Spain",NA
-5.8664322575009,36.0298165960061,"Spain",NA
-6.23669389487218,36.3676771103303,"Spain",NA
-6.5201908024254,36.9429133163873,"Spain",NA
-7.45372555177809,37.0977875839661,"Spain",NA
-7.53710547528102,37.4289043238762,"Spain",NA
-7.16650794109986,37.8038943548022,"Spain",NA
-7.0292811751488,38.0757640650898,"Spain",NA
-7.37409216961632,38.3730585800649,"Spain",NA
-7.09803666831313,39.0300727402238,"Spain",NA
-7.49863237143973,39.6295710312418,"Spain",NA
-7.06659155926353,39.7118915878828,"Spain",NA
-7.02641313315659,40.1845242376242,"Spain",NA
-6.86401994467939,40.3308718938748,"Spain",NA
-6.85112667482255,41.1110826686175,"Spain",NA
-6.38908769370092,41.3818154973947,"Spain",NA
-6.66860551596766,41.8833869492196,"Spain",NA
-7.25130896649082,41.918346055665,"Spain",NA
-7.4225129866738,41.7920746933598,"Spain",NA
-8.01317460776991,41.7908861354171,"Spain",NA
-8.26385698081779,42.2804686549503,"Spain",NA
-8.67194576662672,42.134689439455,"Spain",NA
-9.03481767418025,41.8805705836597,"Spain",NA
24.3128625831146,57.793423570377,"Estonia",NA
24.4289278500422,58.3834133978533,"Estonia",NA
24.0611983578532,58.2573745794934,"Estonia",NA
23.4265600928767,58.6127534043646,"Estonia",NA
23.3397953630586,59.1872403021534,"Estonia",NA
24.6042143083762,59.465853786855,"Estonia",NA
25.8641890805166,59.6110903998113,"Estonia",NA
26.9491357764845,59.4458033311258,"Estonia",NA
27.9811141293532,59.4753880886129,"Estonia",NA
28.1316992530517,59.3008251003309,"Estonia",NA
27.4201664568249,58.7245812038442,"Estonia",NA
27.7166858253157,57.7918991156244,"Estonia",NA
27.2881848487515,57.4745283067038,"Estonia",NA
26.4635323422378,57.4763886582663,"Estonia",NA
25.6028096859844,57.8475287949866,"Estonia",NA
25.1645935401493,57.9701569688152,"Estonia",NA
24.3128625831146,57.793423570377,"Estonia",NA
28.5919295590432,69.0647769232867,"Finland",NA
28.4459436378187,68.364612942164,"Finland",NA
29.9774263852206,67.6982970241927,"Finland",NA
29.0545886573523,66.9442862006219,"Finland",NA
30.21765,65.80598,"Finland",NA
29.544429559047,64.9486715765905,"Finland",NA
30.4446846860037,64.2044534369391,"Finland",NA
30.0358724301427,63.5528136257386,"Finland",NA
31.5160921567111,62.8676874864129,"Finland",NA
31.1399910824909,62.3576927761244,"Finland",NA
30.2111072120444,61.7800277777497,"Finland",NA
28.0699975928953,60.5035165472758,"Finland",NA
26.255172967237,60.4239606797625,"Finland",NA
24.4966239763445,60.0573163926517,"Finland",NA
22.8696948584995,59.8463731960362,"Finland",NA
22.2907637875336,60.3919212917415,"Finland",NA
21.3222440935193,60.7201699896595,"Finland",NA
21.5448661638327,61.7053294948718,"Finland",NA
21.0592110531537,62.6073932969587,"Finland",NA
21.5360294939108,63.1897350124559,"Finland",NA
22.442744174904,63.8178103705313,"Finland",NA
24.7305115088975,64.9023436550408,"Finland",NA
25.3980676612439,65.1114265000937,"Finland",NA
25.2940430030404,65.5343464219705,"Finland",NA
23.9033785336338,66.0069273952796,"Finland",NA
23.5658797543356,66.3960509304374,"Finland",NA
23.5394730974344,67.9360086127353,"Finland",NA
21.9785347836261,68.6168456081807,"Finland",NA
20.6455928890895,69.1062472602009,"Finland",NA
21.2449361508107,69.3704430202931,"Finland",NA
22.3562378272474,68.8417414415149,"Finland",NA
23.6620495948308,68.8912474636505,"Finland",NA
24.7356791521267,68.6495567898215,"Finland",NA
25.6892126807764,69.092113755969,"Finland",NA
26.1796220232262,69.8252989773261,"Finland",NA
27.7322921078679,70.1641930202963,"Finland",NA
29.015572950972,69.766491197378,"Finland",NA
28.5919295590432,69.0647769232867,"Finland",NA
3.58818444175571,50.3789924180036,"France",NA
4.28602298342514,49.9074966497726,"France",NA
4.79922163251575,49.9853730332363,"France",NA
5.67405195478489,49.5294835475574,"France",NA
5.89775923017638,49.4426671413072,"France",NA
6.18632042809421,49.4638028021145,"France",NA
6.65822960778354,49.2019583196916,"France",NA
8.09927859867477,49.0177835150034,"France",NA
7.59367638513106,48.3330191107037,"France",NA
7.46675906742223,47.6205819769119,"France",NA
7.19220218265554,47.449765529971,"France",NA
6.73657107913809,47.5418012558829,"France",NA
6.76871382002363,47.2877082383037,"France",NA
6.03738895022897,46.7257787135619,"France",NA
6.02260949059357,46.2729898138205,"France",NA
6.50009972497045,46.4296727565294,"France",NA
6.84359297041456,45.9911465521007,"France",NA
6.80235517744566,45.7085798203287,"France",NA
7.09665245934784,45.3330988632959,"France",NA
6.74995527510171,45.0285179713676,"France",NA
7.00756229007666,44.2547667506614,"France",NA
7.54959638838616,44.1279011093848,"France",NA
7.43518476729184,43.6938449163492,"France",NA
6.52924523278307,43.1288923203184,"France",NA
4.5569625179314,43.3996509873116,"France",NA
3.10041059735272,43.0752005071671,"France",NA
2.98599897625849,42.4730150416699,"France",NA
1.82679324708718,42.3433847112657,"France",NA
0.701590610363922,42.7957343613326,"France",NA
0.338046909190581,42.5795460068396,"France",NA
-1.50277096191047,43.0340143906305,"France",NA
-1.90135128417774,43.4228020289783,"France",NA
-1.38422522623296,44.0226103785902,"France",NA
-1.19379757323736,46.0149177109549,"France",NA
-2.22572424967379,47.0643626979382,"France",NA
-2.96327612955957,47.570326646508,"France",NA
-4.49155493815948,47.9549543320564,"France",NA
-4.59234981934475,48.6841604681269,"France",NA
-3.29581397135775,48.9016924098596,"France",NA
-1.61651078938493,48.6444212916946,"France",NA
-1.93349402506325,49.7763418646158,"France",NA
-0.98946895995536,49.3473758001609,"France",NA
1.33876102052275,50.1271731634453,"France",NA
1.6390010921385,50.9466063502975,"France",NA
2.51357303224617,51.1485061712619,"France",NA
2.65842207196033,50.7968480495157,"France",NA
3.12325158042572,50.7803632676145,"France",NA
3.58818444175571,50.3789924180036,"France",NA
-3.00500484863528,58.6350001084663,"United Kingdom",NA
-4.07382849772802,57.5530248073553,"United Kingdom",NA
-3.05500179687766,57.6900190293609,"United Kingdom",NA
-1.95928056477692,57.6847997096995,"United Kingdom",NA
-2.2199881656893,56.8700174017535,"United Kingdom",NA
-3.11900305827112,55.9737930365155,"United Kingdom",NA
-2.08500932454302,55.9099984808513,"United Kingdom",NA
-2.00567567967386,55.8049028503502,"United Kingdom",NA
-1.11499101399221,54.6249864772654,"United Kingdom",NA
-0.4304849918542,54.4643761257022,"United Kingdom",NA
0.184981316742039,53.325014146531,"United Kingdom",NA
0.469976840831777,52.929999498092,"United Kingdom",NA
1.68153079591474,52.739520168664,"United Kingdom",NA
1.55998782716438,52.099998480836,"United Kingdom",NA
1.05056155763091,51.8067605657957,"United Kingdom",NA
1.4498653499503,51.289427802122,"United Kingdom",NA
0.550333693045502,50.7657388372759,"United Kingdom",NA
-0.78751746255864,50.7749889186562,"United Kingdom",NA
-2.48999752441438,50.5000186224312,"United Kingdom",NA
-2.95627397298404,50.696879991247,"United Kingdom",NA
-3.61744808594233,50.2283556178727,"United Kingdom",NA
-4.54250790039924,50.3418370631857,"United Kingdom",NA
-5.24502315919113,49.9599999049811,"United Kingdom",NA
-5.7765669417453,50.1596776393568,"United Kingdom",NA
-4.30998979330184,51.2100011256892,"United Kingdom",NA
-3.41485063314212,51.4260086126692,"United Kingdom",NA
-3.42271946710832,51.4268481674061,"United Kingdom",NA
-4.98436723471087,51.593466091511,"United Kingdom",NA
-5.26729570150889,51.9914004583746,"United Kingdom",NA
-4.22234656413485,52.3013556992614,"United Kingdom",NA
-4.77001339356411,52.8400049912556,"United Kingdom",NA
-4.57999915202691,53.4950037705552,"United Kingdom",NA
-3.09383067378866,53.4045474006697,"United Kingdom",NA
-3.09207963704711,53.4044408229636,"United Kingdom",NA
-2.94500851074434,53.9849997015467,"United Kingdom",NA
-3.61470082543303,54.6009367732926,"United Kingdom",NA
-3.63000545898933,54.615012925833,"United Kingdom",NA
-4.844169073903,54.7909711777868,"United Kingdom",NA
-5.08252661784923,55.0616006536994,"United Kingdom",NA
-4.71911210775664,55.5084726019435,"United Kingdom",NA
-5.04798092286211,55.7839855007075,"United Kingdom",NA
-5.58639767091114,55.3111461452368,"United Kingdom",NA
-5.64499874513018,56.2750149603448,"United Kingdom",NA
-6.14998084148635,56.7850096706335,"United Kingdom",NA
-5.78682471355529,57.8188483750646,"United Kingdom",NA
-5.00999874512758,58.6300133327501,"United Kingdom",NA
-4.21149451335356,58.5508450384792,"United Kingdom",NA
-3.00500484863528,58.6350001084663,"United Kingdom",NA
26.6041955909363,41.5621145696611,"Greece",NA
26.2946020850758,40.9362612981743,"Greece",NA
26.0569421729655,40.8241234401008,"Greece",NA
25.4476770362442,40.8525454778615,"Greece",NA
24.9258484229609,40.9470616725232,"Greece",NA
23.7148112322008,40.6871292180951,"Greece",NA
24.4079988949641,40.1249929876241,"Greece",NA
23.8999678891026,39.9620055201756,"Greece",NA
23.3429993018608,39.9609978297458,"Greece",NA
22.813987664489,40.4760051539666,"Greece",NA
22.6262988624048,40.2565611842392,"Greece",NA
22.8497477556348,39.6593108180258,"Greece",NA
23.3500272966526,39.1900112981673,"Greece",NA
22.9730993995155,38.9709032252497,"Greece",NA
23.530016310325,38.5100011256385,"Greece",NA
24.0250248552489,38.2199929876165,"Greece",NA
24.0400110206136,37.6550145533694,"Greece",NA
23.1150028825892,37.9200112981622,"Greece",NA
23.4099719581111,37.4099907496574,"Greece",NA
22.7749719581086,37.3050100774566,"Greece",NA
23.1542252946986,36.4225058049921,"Greece",NA
22.4900281104511,36.4100001083775,"Greece",NA
21.6700264828437,36.8449864771942,"Greece",NA
21.2950106137016,37.6449893255047,"Greece",NA
21.1200342139613,38.3103233912627,"Greece",NA
20.7300321794546,38.7699852564988,"Greece",NA
20.2177120297129,39.3402346868396,"Greece",NA
20.1500159034105,39.624997666984,"Greece",NA
20.6150004411728,40.1100068222594,"Greece",NA
20.6749967790636,40.4349999049431,"Greece",NA
20.9999898617473,40.580003973954,"Greece",NA
21.0200403174764,40.8427269557259,"Greece",NA
21.674160597427,40.931274522458,"Greece",NA
22.0553776384443,41.1498658310527,"Greece",NA
22.597308383889,41.1304871689432,"Greece",NA
22.7617700000001,41.3048000000001,"Greece",NA
22.9523771501666,41.3379938828112,"Greece",NA
23.6920736019925,41.3090809189439,"Greece",NA
24.492644891058,41.583896185872,"Greece",NA
25.1972013689255,41.2344859889307,"Greece",NA
26.1061381365072,41.3288988307278,"Greece",NA
26.1170418637209,41.8269046087247,"Greece",NA
26.6041955909363,41.5621145696611,"Greece",NA
18.82983808765,45.9088776718918,"Croatia",NA
19.0727689958542,45.5215111354321,"Croatia",NA
19.3904757015846,45.2365156113424,"Croatia",NA
19.0054862810101,44.8602336696092,"Croatia",NA
18.5532141455917,45.0815896673315,"Croatia",NA
17.8617834815264,45.0677403834771,"Croatia",NA
17.002146030351,45.2337767604309,"Croatia",NA
16.5349394060002,45.2116075709777,"Croatia",NA
16.3181567725359,45.0041266953259,"Croatia",NA
15.9593673031334,45.2337767604309,"Croatia",NA
15.750026075919,44.8187116562626,"Croatia",NA
16.2396602718845,44.3511432968857,"Croatia",NA
16.4564429053489,44.0412397324313,"Croatia",NA
16.9161564470173,43.6677224798257,"Croatia",NA
17.2973734880345,43.4463406438874,"Croatia",NA
17.674921502359,43.0285625270236,"Croatia",NA
18.5599999999999,42.65,"Croatia",NA
18.4500163103048,42.4799913600293,"Croatia",NA
17.5099703304833,42.8499946152392,"Croatia",NA
16.9300057308716,43.2099984808004,"Croatia",NA
16.0153845557377,43.5072154811272,"Croatia",NA
15.1744539730521,44.2431912298279,"Croatia",NA
15.3762504411518,44.3179153509221,"Croatia",NA
14.9203092790405,44.7384839951295,"Croatia",NA
14.9016024105509,45.0760602890761,"Croatia",NA
14.25874759284,45.2337767604309,"Croatia",NA
13.952254672917,44.8021235214969,"Croatia",NA
13.6569755388012,45.136935126316,"Croatia",NA
13.6794031104158,45.484149074885,"Croatia",NA
13.7150598486973,45.5003237981924,"Croatia",NA
14.4119682145855,45.4661656764474,"Croatia",NA
14.5951094906279,45.6349409043128,"Croatia",NA
14.935243767973,45.4716950547028,"Croatia",NA
15.3276745947974,45.4523163925933,"Croatia",NA
15.3239538916724,45.7317825384277,"Croatia",NA
15.6715295752676,45.8341535507979,"Croatia",NA
15.7687329444086,46.2381082220235,"Croatia",NA
16.5648083838649,46.5037509222198,"Croatia",NA
16.8825150895954,46.3806318222844,"Croatia",NA
17.6300663591296,45.9517691106941,"Croatia",NA
18.4560624528829,45.7594811061361,"Croatia",NA
18.82983808765,45.9088776718918,"Croatia",NA
16.2022982113374,46.852385972677,"Hungary",NA
16.5342676123804,47.4961709661691,"Hungary",NA
16.3405843441504,47.7129019232012,"Hungary",NA
16.9037541032673,47.7148656276283,"Hungary",NA
16.979666782304,48.1234970159763,"Hungary",NA
17.4884729346498,47.8674661321862,"Hungary",NA
17.85713260262,47.7584288600504,"Hungary",NA
18.6965128923369,47.8809536810144,"Hungary",NA
18.7770247738477,48.0817682969006,"Hungary",NA
19.1743648617399,48.1113788926039,"Hungary",NA
19.6613635596585,48.2666148952087,"Hungary",NA
19.7694706560131,48.2026911484636,"Hungary",NA
20.2390543962493,48.3275672470969,"Hungary",NA
20.4735620459899,48.5628500433218,"Hungary",NA
20.8012939795849,48.6238540716424,"Hungary",NA
21.8722363624017,48.31997081155,"Hungary",NA
22.0856083513349,48.4222643092718,"Hungary",NA
22.6408199398788,48.1502395696874,"Hungary",NA
22.7105314470405,47.8821939153894,"Hungary",NA
22.0997676937828,47.6724392767167,"Hungary",NA
21.6265149268539,46.9942377793182,"Hungary",NA
21.0219523454712,46.3160879583519,"Hungary",NA
20.2201924984628,46.1274689804866,"Hungary",NA
19.5960445492416,46.1717298447445,"Hungary",NA
18.82983808765,45.9088776718919,"Hungary",NA
18.4560624528829,45.7594811061361,"Hungary",NA
17.6300663591296,45.9517691106942,"Hungary",NA
16.8825150895953,46.3806318222844,"Hungary",NA
16.5648083838649,46.5037509222198,"Hungary",NA
16.3705049984474,46.8413272161665,"Hungary",NA
16.2022982113374,46.852385972677,"Hungary",NA
-6.19788489422099,53.8675650091634,"Ireland",NA
-6.03298539877761,53.1531641709444,"Ireland",NA
-6.78885657391085,52.2601179062923,"Ireland",NA
-8.56161658368356,51.6693012558994,"Ireland",NA
-9.97708574059027,51.8204548203531,"Ireland",NA
-9.16628251793078,52.8646288112427,"Ireland",NA
-9.68852454267245,53.8813626165853,"Ireland",NA
-8.32798743329201,54.6645189479686,"Ireland",NA
-7.57216793459106,55.1316222194549,"Ireland",NA
-7.36603064617879,54.5958409694527,"Ireland",NA
-7.57216793459106,54.059956366586,"Ireland",NA
-6.95373023113807,54.0737022975756,"Ireland",NA
-6.19788489422099,53.8675650091634,"Ireland",NA
-14.5086954411292,66.4558922390314,"Iceland",NA
-14.7396374170416,65.8087482774403,"Iceland",NA
-13.6097322249798,65.1266710476199,"Iceland",NA
-14.9098337467949,64.3640819362887,"Iceland",NA
-17.7944380355434,63.6787490912339,"Iceland",NA
-18.656245896875,63.4963829616758,"Iceland",NA
-19.9727546859428,63.6436349554915,"Iceland",NA
-22.7629719711102,63.9601789414954,"Iceland",NA
-21.7784842595177,64.4021157904555,"Iceland",NA
-23.9550439112191,64.8911298692335,"Iceland",NA
-22.1844026351704,65.0849681667603,"Iceland",NA
-22.2274232650533,65.3785936550427,"Iceland",NA
-24.3261840479393,65.6111892767885,"Iceland",NA
-23.6505146957231,66.2625190293952,"Iceland",NA
-22.1349224512509,66.4104686550469,"Iceland",NA
-20.5762837386795,65.7321121283514,"Iceland",NA
-19.0568416000016,66.2766008571948,"Iceland",NA
-17.7986238265591,65.9938532579098,"Iceland",NA
-16.1678189762921,66.5267923041359,"Iceland",NA
-14.5086954411292,66.4558922390314,"Iceland",NA
12.3764852230408,46.7675591090699,"Italy",NA
13.8064754574216,46.5093061386912,"Italy",NA
13.6981099789055,46.0167780625174,"Italy",NA
13.9376302425783,45.5910159368647,"Italy",NA
13.1416064795543,45.7366917994954,"Italy",NA
12.3285811703063,45.3817780625149,"Italy",NA
12.3838749528586,44.8853742539191,"Italy",NA
12.2614534847592,44.600482082694,"Italy",NA
12.5892370947865,44.0913658717545,"Italy",NA
13.5269059587225,43.5877273626379,"Italy",NA
14.029820997787,42.7610077988325,"Italy",NA
15.142569614328,41.9551396754569,"Italy",NA
15.9261910336019,41.9613150091157,"Italy",NA
16.1698970882904,41.7402949082034,"Italy",NA
15.8893457373778,41.5410822617182,"Italy",NA
16.7850016618606,41.1796056178366,"Italy",NA
17.5191687354312,40.8771434596322,"Italy",NA
18.3766874528826,40.3556249049427,"Italy",NA
18.4802470231954,40.1688662786398,"Italy",NA
18.2933850440281,39.8107744410732,"Italy",NA
17.7383801612133,40.2776710068303,"Italy",NA
16.8695959815223,40.4422346054639,"Italy",NA
16.4487431169373,39.7954007024665,"Italy",NA
17.1714896989715,39.4246998154207,"Italy",NA
17.0528406104293,38.9028712021373,"Italy",NA
16.6350883317818,38.8435724960824,"Italy",NA
16.1009607276131,37.9858987493342,"Italy",NA
15.6840869483145,37.908849188787,"Italy",NA
15.6879626807363,38.2145928004419,"Italy",NA
15.8919812354247,38.7509424911992,"Italy",NA
16.1093323096443,38.9645470240777,"Italy",NA
15.7188135108146,39.5440723740149,"Italy",NA
15.4136125016988,40.0483568385352,"Italy",NA
14.9984957210982,40.1729487167909,"Italy",NA
14.7032682634148,40.6045502792926,"Italy",NA
14.0606718278653,40.7863479680954,"Italy",NA
13.6279850602854,41.1882872584617,"Italy",NA
12.8880819027304,41.2530895045556,"Italy",NA
12.1066825700449,41.7045348170574,"Italy",NA
11.1919063656142,42.3554253199897,"Italy",NA
10.5119478695178,42.9314625107472,"Italy",NA
10.200028924204,43.9200068222746,"Italy",NA
9.70248823409781,44.0362787949313,"Italy",NA
8.88894616052687,44.3663361679795,"Italy",NA
8.42856082523858,44.2312281357524,"Italy",NA
7.8507666357832,43.7671479355552,"Italy",NA
7.43518476729184,43.6938449163492,"Italy",NA
7.54959638838616,44.1279011093848,"Italy",NA
7.00756229007666,44.2547667506614,"Italy",NA
6.74995527510171,45.0285179713676,"Italy",NA
7.09665245934784,45.3330988632959,"Italy",NA
6.80235517744566,45.7085798203287,"Italy",NA
6.84359297041456,45.9911465521007,"Italy",NA
7.27385094567668,45.7769477402508,"Italy",NA
7.75599205895983,45.8244900579593,"Italy",NA
8.31662967289438,46.1636424830909,"Italy",NA
8.4899524268013,46.0051508652517,"Italy",NA
8.96630577966783,46.0369318711112,"Italy",NA
9.18288170740311,46.440214748717,"Italy",NA
9.92283654139035,46.3148994004092,"Italy",NA
10.3633781266787,46.4835712754098,"Italy",NA
10.4427014502466,46.8935462509974,"Italy",NA
11.0485559424365,46.7513585475464,"Italy",NA
11.1648279150933,46.9415794948127,"Italy",NA
12.1530880062431,47.1153931748264,"Italy",NA
12.3764852230408,46.7675591090699,"Italy",NA
22.7310986670927,54.3275369329933,"Lithuania",NA
22.6510518734725,54.5827409938667,"Lithuania",NA
22.7577637061553,54.8565744085814,"Lithuania",NA
22.3157235043306,55.0152985703659,"Lithuania",NA
21.2684489275035,55.1904816758353,"Lithuania",NA
21.0558004086224,56.0310763617111,"Lithuania",NA
22.2011568539395,56.3378018255795,"Lithuania",NA
23.87826378754,56.2736713731053,"Lithuania",NA
24.8606844418408,56.3725283880796,"Lithuania",NA
25.0009342790809,56.1645307481048,"Lithuania",NA
25.5330465023903,56.100296942766,"Lithuania",NA
26.4943314958838,55.6151069199776,"Lithuania",NA
26.5882792497904,55.1671756048717,"Lithuania",NA
25.7684326514798,54.8469625921751,"Lithuania",NA
25.536353794057,54.2824234076025,"Lithuania",NA
24.450683628037,53.9057022161948,"Lithuania",NA
23.4841276384498,53.9124976670411,"Lithuania",NA
23.2439872575895,54.2205667181491,"Lithuania",NA
22.7310986670927,54.3275369329933,"Lithuania",NA
6.04307335778111,50.1280516627942,"Luxembourg",NA
6.24275109215699,49.9022256536787,"Luxembourg",NA
6.18632042809418,49.4638028021145,"Luxembourg",NA
5.8977592301764,49.442667141307,"Luxembourg",NA
5.67405195478483,49.5294835475575,"Luxembourg",NA
5.78241743330091,50.0903278672212,"Luxembourg",NA
6.04307335778111,50.1280516627942,"Luxembourg",NA
21.0558004086224,56.0310763617111,"Latvia",NA
21.090423618258,56.7838727891229,"Latvia",NA
21.5818664893537,57.4118706325499,"Latvia",NA
22.5243412614929,57.7533743353508,"Latvia",NA
23.3184529965221,57.0062364772749,"Latvia",NA
24.1207296078534,57.0256926540328,"Latvia",NA
24.3128625831146,57.793423570377,"Latvia",NA
25.1645935401493,57.9701569688152,"Latvia",NA
25.6028096859844,57.8475287949866,"Latvia",NA
26.4635323422378,57.4763886582663,"Latvia",NA
27.2881848487515,57.4745283067038,"Latvia",NA
27.7700159034409,57.2442581244112,"Latvia",NA
27.8552820167225,56.7593264837843,"Latvia",NA
28.176709425578,56.1691299505788,"Latvia",NA
27.1024597510945,55.7833137070877,"Latvia",NA
26.4943314958838,55.6151069199776,"Latvia",NA
25.5330465023903,56.100296942766,"Latvia",NA
25.0009342790809,56.1645307481048,"Latvia",NA
24.8606844418408,56.3725283880796,"Latvia",NA
23.87826378754,56.2736713731053,"Latvia",NA
22.2011568539395,56.3378018255795,"Latvia",NA
21.0558004086224,56.0310763617111,"Latvia",NA
26.6193367855978,48.2207262233335,"Moldova",NA
26.8578235206248,48.3682107610945,"Moldova",NA
27.5225374691952,48.4671194525011,"Moldova",NA
28.2595467465418,48.1555622422134,"Moldova",NA
28.6708911475852,48.1181485052341,"Moldova",NA
29.122698195113,47.8490951605065,"Moldova",NA
29.0508679542273,47.5102269557525,"Moldova",NA
29.4151351254527,47.3466452093326,"Moldova",NA
29.5596741065731,46.9285828720913,"Moldova",NA
29.9088517595693,46.6743606634315,"Moldova",NA
29.8382100766263,46.5253258327017,"Moldova",NA
30.0246586443354,46.423936672545,"Moldova",NA
29.7599719581364,46.3499876979354,"Moldova",NA
29.1706539242799,46.3792623968287,"Moldova",NA
29.0721069678993,46.5176777207225,"Moldova",NA
28.8629724464141,46.4378893092638,"Moldova",NA
28.9337174822216,46.2588304713725,"Moldova",NA
28.6599874203716,45.9399868841316,"Moldova",NA
28.4852694027928,45.5969070501459,"Moldova",NA
28.233553501099,45.4882831894684,"Moldova",NA
28.0544429867754,45.9445860866056,"Moldova",NA
28.1600179379477,46.3715626084172,"Moldova",NA
28.128030226359,46.8104763860883,"Moldova",NA
27.5511662126848,47.4051170924708,"Moldova",NA
27.2338729184127,47.8267709417564,"Moldova",NA
26.9241760596876,48.123264472031,"Moldova",NA
26.6193367855978,48.2207262233335,"Moldova",NA
20.5902300000001,41.8554100000001,"Macedonia",NA
20.7173100000001,41.84711,"Macedonia",NA
20.76216,42.05186,"Macedonia",NA
21.3527000000001,42.2068,"Macedonia",NA
21.5766359894021,42.2452243970619,"Macedonia",NA
21.9170800000001,42.30364,"Macedonia",NA
22.3805257504247,42.3202595078151,"Macedonia",NA
22.8813737321973,41.9992971868504,"Macedonia",NA
22.9523771501665,41.3379938828112,"Macedonia",NA
22.76177,41.3048000000001,"Macedonia",NA
22.597308383889,41.1304871689432,"Macedonia",NA
22.0553776384443,41.1498658310527,"Macedonia",NA
21.674160597427,40.931274522458,"Macedonia",NA
21.0200403174764,40.8427269557259,"Macedonia",NA
20.60518,41.0862200000001,"Macedonia",NA
20.46315,41.5150900000001,"Macedonia",NA
20.5902300000001,41.8554100000001,"Macedonia",NA
19.8016133968987,42.5000934921908,"Montenegro",NA
19.7380513851796,42.6882473821656,"Montenegro",NA
19.3044900000001,42.1957400000001,"Montenegro",NA
19.3717700000001,41.8775499999999,"Montenegro",NA
19.16246,41.95502,"Montenegro",NA
18.88214,42.28151,"Montenegro",NA
18.45,42.48,"Montenegro",NA
18.5599999999999,42.65,"Montenegro",NA
18.7064800000001,43.20011,"Montenegro",NA
19.0316500000001,43.43253,"Montenegro",NA
19.21852,43.52384,"Montenegro",NA
19.48389,43.35229,"Montenegro",NA
19.63,43.2137799702705,"Montenegro",NA
19.9585700000001,43.1060400000001,"Montenegro",NA
20.3398000000001,42.89852,"Montenegro",NA
20.2575800000001,42.8127500000001,"Montenegro",NA
20.0707,42.5886300000001,"Montenegro",NA
19.8016133968987,42.5000934921908,"Montenegro",NA
6.07418257002092,53.5104033473781,"Netherlands",NA
6.90513960127413,53.4821621771306,"Netherlands",NA
7.0920532568739,53.1440432806449,"Netherlands",NA
6.84286950036238,52.2284402532975,"Netherlands",NA
6.58939659997083,51.8520291204834,"Netherlands",NA
5.98865807457781,51.8516157090251,"Netherlands",NA
6.15665815595878,50.8037210150106,"Netherlands",NA
5.60697594567,51.0372984889698,"Netherlands",NA
4.97399132652691,51.4750237086981,"Netherlands",NA
4.04707116050753,51.2672586126686,"Netherlands",NA
3.31497114422854,51.3457551133199,"Netherlands",NA
3.83028852704314,51.620544542032,"Netherlands",NA
4.70599734866119,53.0917984075978,"Netherlands",NA
6.07418257002092,53.5104033473781,"Netherlands",NA
28.1655473162029,71.1854743516805,"Norway",NA
31.2934184099655,70.4537877468599,"Norway",NA
30.0054350115228,70.1862588568849,"Norway",NA
31.1010787289751,69.5580801459449,"Norway",NA
29.3995805193329,69.1569160020631,"Norway",NA
28.5919295590432,69.0647769232867,"Norway",NA
29.015572950972,69.766491197378,"Norway",NA
27.7322921078679,70.1641930202963,"Norway",NA
26.1796220232263,69.8252989773262,"Norway",NA
25.6892126807764,69.092113755969,"Norway",NA
24.7356791521267,68.6495567898214,"Norway",NA
23.6620495948308,68.8912474636505,"Norway",NA
22.3562378272474,68.841741441515,"Norway",NA
21.2449361508107,69.3704430202931,"Norway",NA
20.6455928890896,69.1062472602009,"Norway",NA
20.0252689958579,69.0651386583127,"Norway",NA
19.8785596045813,68.4071943223726,"Norway",NA
17.9938684424644,68.5673912624773,"Norway",NA
17.7291817562653,68.0105518663162,"Norway",NA
16.7688786149855,68.0139366726314,"Norway",NA
16.1087121924568,67.3024555528369,"Norway",NA
15.1084114925831,66.1938668890954,"Norway",NA
13.5556897315091,64.7870276963815,"Norway",NA
13.9199052263022,64.4454206407161,"Norway",NA
13.5719161312488,64.0491140814697,"Norway",NA
12.5799353369739,64.0662189805583,"Norway",NA
11.9305692887942,63.128317572677,"Norway",NA
11.9920642432215,61.8003624538566,"Norway",NA
12.6311466813752,61.2935716823701,"Norway",NA
12.3003658382749,60.1179328477301,"Norway",NA
11.4682719255112,59.432393296946,"Norway",NA
11.0273686051969,58.8561494004594,"Norway",NA
10.3565568376161,59.4698070339254,"Norway",NA
8.38200035974364,58.3132884792333,"Norway",NA
7.0487484066133,58.0788841823573,"Norway",NA
5.66583540205042,58.5881554225937,"Norway",NA
5.30823449059073,59.6632319199938,"Norway",NA
4.99207807782901,61.9709980332843,"Norway",NA
5.91290042483789,62.6144729681827,"Norway",NA
8.55341108565577,63.4540082871965,"Norway",NA
10.5277091813668,64.4860383164975,"Norway",NA
12.3583467953064,65.8797258571932,"Norway",NA
14.7611458675816,67.8106415879951,"Norway",NA
16.435927361729,68.5632054714617,"Norway",NA
19.1840283545785,69.8174441596178,"Norway",NA
21.3784163754206,70.2551693793461,"Norway",NA
23.0237423031616,70.2020718451663,"Norway",NA
24.5465434099385,71.0304967312372,"Norway",NA
26.3700496762218,70.9862617051954,"Norway",NA
28.1655473162029,71.1854743516805,"Norway",NA
15.0169958838587,51.1066740993216,"Poland",NA
14.6070984229195,51.74518809672,"Poland",NA
14.6850264828157,52.0899474147552,"Poland",NA
14.4375997250022,52.6248501654084,"Poland",NA
14.0745211117195,52.9812625189254,"Poland",NA
14.3533154639341,53.248171291713,"Poland",NA
14.1196863135426,53.757029120491,"Poland",NA
14.8029004248735,54.0507062852057,"Poland",NA
16.3634770036557,54.5131586777857,"Poland",NA
17.6228316586087,54.8515359564329,"Poland",NA
18.6208585954616,54.6826056992708,"Poland",NA
18.6962545101755,54.4387187770693,"Poland",NA
19.6606400896064,54.4260838893739,"Poland",NA
20.8922445004186,54.3125249294125,"Poland",NA
22.7310986670927,54.3275369329933,"Poland",NA
23.2439872575895,54.2205667181491,"Poland",NA
23.4841276384498,53.9124976670411,"Poland",NA
23.527535841575,53.4701215684066,"Poland",NA
23.8049349301178,53.0897313503061,"Poland",NA
23.7991988461334,52.6910993516066,"Poland",NA
23.1994938493862,52.4869774440537,"Poland",NA
23.5080021501687,52.0236465521247,"Poland",NA
23.5270707536844,51.5784540879302,"Poland",NA
24.0299857927489,50.7054066025752,"Poland",NA
23.9227571957433,50.4248810898788,"Poland",NA
23.4265084164444,50.3085057643575,"Poland",NA
22.5184501482116,49.4767735866197,"Poland",NA
22.7764188982126,49.0273953314096,"Poland",NA
22.5581376482118,49.0857380234671,"Poland",NA
21.6078080583642,49.4701073268541,"Poland",NA
20.8879553565384,49.3287722845358,"Poland",NA
20.4158394711199,49.4314533554998,"Poland",NA
19.8250228207269,49.2171253525692,"Poland",NA
19.3207125179905,49.5715740016592,"Poland",NA
18.9095748226763,49.4358458522446,"Poland",NA
18.8531441586136,49.4962297633776,"Poland",NA
18.3929138526222,49.9886286484708,"Poland",NA
17.649445021239,50.04903839782,"Poland",NA
17.5545670915511,50.3621459010764,"Poland",NA
16.8687691586057,50.473973700556,"Poland",NA
16.7194759457144,50.2157465683935,"Poland",NA
16.1762532894623,50.4226073268579,"Poland",NA
16.2386267432386,50.6977326523798,"Poland",NA
15.4909721208397,50.7847299261432,"Poland",NA
15.0169958838587,51.1066740993216,"Poland",NA
-9.03481767418025,41.8805705836597,"Portugal",NA
-8.67194576662672,42.134689439455,"Portugal",NA
-8.26385698081779,42.2804686549503,"Portugal",NA
-8.01317460776991,41.7908861354171,"Portugal",NA
-7.4225129866738,41.7920746933598,"Portugal",NA
-7.25130896649082,41.918346055665,"Portugal",NA
-6.66860551596766,41.8833869492196,"Portugal",NA
-6.38908769370092,41.3818154973947,"Portugal",NA
-6.85112667482255,41.1110826686175,"Portugal",NA
-6.86401994467939,40.3308718938748,"Portugal",NA
-7.02641313315659,40.1845242376242,"Portugal",NA
-7.06659155926353,39.7118915878828,"Portugal",NA
-7.49863237143973,39.6295710312418,"Portugal",NA
-7.09803666831313,39.0300727402238,"Portugal",NA
-7.37409216961632,38.3730585800649,"Portugal",NA
-7.0292811751488,38.0757640650898,"Portugal",NA
-7.16650794109986,37.8038943548022,"Portugal",NA
-7.53710547528102,37.4289043238762,"Portugal",NA
-7.45372555177809,37.0977875839661,"Portugal",NA
-7.85561316571199,36.8382685409963,"Portugal",NA
-8.38281612795369,36.9788801132625,"Portugal",NA
-8.89885698082033,36.8688093124808,"Portugal",NA
-8.74610144696555,37.6513455266766,"Portugal",NA
-8.83999752443988,38.2662433945176,"Portugal",NA
-9.28746375165522,38.3584858261586,"Portugal",NA
-9.52657060386971,38.7374291041549,"Portugal",NA
-9.44698889814023,39.3920661484284,"Portugal",NA
-9.04830522300843,39.7550930852788,"Portugal",NA
-8.97735348147168,40.1593061386658,"Portugal",NA
-8.7686840478771,40.7606389430302,"Portugal",NA
-8.79085323733031,41.1843340113913,"Portugal",NA
-8.99078935386757,41.5434593776036,"Portugal",NA
-9.03481767418025,41.8805705836597,"Portugal",NA
22.7105314470405,47.8821939153894,"Romania",NA
23.1422363624068,48.0963410508069,"Romania",NA
23.7609582862374,47.9855984564055,"Romania",NA
24.4020561052504,47.9818777532804,"Romania",NA
24.8663171729606,47.7375257431883,"Romania",NA
25.207743361113,47.8910564235275,"Romania",NA
25.9459411964024,47.9871487493742,"Romania",NA
26.1974503923669,48.2208812526303,"Romania",NA
26.6193367855978,48.2207262233335,"Romania",NA
26.9241760596876,48.123264472031,"Romania",NA
27.2338729184127,47.8267709417564,"Romania",NA
27.5511662126848,47.4051170924708,"Romania",NA
28.128030226359,46.8104763860883,"Romania",NA
28.1600179379477,46.3715626084172,"Romania",NA
28.0544429867754,45.9445860866056,"Romania",NA
28.233553501099,45.4882831894684,"Romania",NA
28.6797794939394,45.3040308701317,"Romania",NA
29.1497249692017,45.4649254420725,"Romania",NA
29.6032890154274,45.2933080104311,"Romania",NA
29.6265434099588,45.0353909368624,"Romania",NA
29.1416117693318,44.820210272799,"Romania",NA
28.8378577003202,44.9138738063281,"Romania",NA
28.558081495892,43.7074616562581,"Romania",NA
27.9701070492751,43.8124681666752,"Romania",NA
27.2423995297409,44.1759860296324,"Romania",NA
26.0651587256997,43.9434937607513,"Romania",NA
25.5692716814269,43.6884447291747,"Romania",NA
24.1006791521242,43.7410513372479,"Romania",NA
23.3323022803763,43.8970108099047,"Romania",NA
22.9448323910518,43.8237853053471,"Romania",NA
22.657149692483,44.2349230006613,"Romania",NA
22.4740084164406,44.4092276067818,"Romania",NA
22.7057255388374,44.578002834647,"Romania",NA
22.4590222510759,44.7025171982543,"Romania",NA
22.1450879249028,44.4784223496206,"Romania",NA
21.5620227393536,44.7689472519655,"Romania",NA
21.4835262387022,45.1811701523578,"Romania",NA
20.8743127784134,45.4163754339342,"Romania",NA
20.76217492034,45.7345730657714,"Romania",NA
20.2201924984628,46.1274689804866,"Romania",NA
21.0219523454712,46.3160879583519,"Romania",NA
21.6265149268539,46.9942377793182,"Romania",NA
22.0997676937828,47.6724392767167,"Romania",NA
22.7105314470405,47.8821939153894,"Romania",NA
106.97013,76.97419,"Russia",NA
107.24,76.48,"Russia",NA
108.1538,76.7233500000002,"Russia",NA
111.07726,76.71,"Russia",NA
113.33151,76.22224,"Russia",NA
114.13417,75.84764,"Russia",NA
113.88539,75.3277900000001,"Russia",NA
112.77918,75.0318600000001,"Russia",NA
110.15125,74.47673,"Russia",NA
109.4,74.18,"Russia",NA
110.64,74.04,"Russia",NA
112.11919,73.7877400000001,"Russia",NA
113.01954,73.9769300000002,"Russia",NA
113.52958,73.3350500000001,"Russia",NA
113.96881,73.5948800000001,"Russia",NA
115.56782,73.7528500000001,"Russia",NA
118.77633,73.58772,"Russia",NA
119.02,73.12,"Russia",NA
123.20066,72.9712200000001,"Russia",NA
123.25777,73.7350300000001,"Russia",NA
125.38,73.5600000000001,"Russia",NA
126.97644,73.5654900000001,"Russia",NA
128.59126,73.0387100000001,"Russia",NA
129.05157,72.3987200000001,"Russia",NA
128.46,71.98,"Russia",NA
129.71599,71.1930400000001,"Russia",NA
131.28858,70.7869900000001,"Russia",NA
132.2535,71.8363000000001,"Russia",NA
133.85766,71.3864200000002,"Russia",NA
135.56193,71.6552500000001,"Russia",NA
137.49755,71.3476300000001,"Russia",NA
138.23409,71.62803,"Russia",NA
139.86983,71.4878300000001,"Russia",NA
139.14791,72.4161900000001,"Russia",NA
140.46817,72.8494100000001,"Russia",NA
149.5,72.2,"Russia",NA
150.35118,71.60643,"Russia",NA
152.9689,70.84222,"Russia",NA
157.00688,71.0314100000001,"Russia",NA
158.99779,70.86672,"Russia",NA
159.83031,70.4532400000001,"Russia",NA
159.70866,69.72198,"Russia",NA
160.94053,69.4372800000001,"Russia",NA
162.27907,69.64204,"Russia",NA
164.05248,69.66823,"Russia",NA
165.94037,69.47199,"Russia",NA
167.83567,69.5826900000001,"Russia",NA
169.57763,68.6938,"Russia",NA
170.81688,69.01363,"Russia",NA
170.0082,69.6527600000001,"Russia",NA
170.45345,70.0970300000001,"Russia",NA
173.64391,69.8174300000001,"Russia",NA
175.72403,69.8772500000002,"Russia",NA
178.6,69.4000000000001,"Russia",NA
180,68.9636363636366,"Russia",NA
180,64.9797087021985,"Russia",NA
179.99281,64.97433,"Russia",NA
178.7072,64.53493,"Russia",NA
177.41128,64.60821,"Russia",NA
178.313,64.07593,"Russia",NA
178.90825,63.2519700000001,"Russia",NA
179.37034,62.9826200000001,"Russia",NA
179.48636,62.56894,"Russia",NA
179.22825,62.3041000000001,"Russia",NA
177.3643,62.5219,"Russia",NA
174.56929,61.76915,"Russia",NA
173.68013,61.6526100000001,"Russia",NA
172.15,60.95,"Russia",NA
170.6985,60.3361800000001,"Russia",NA
170.33085,59.88177,"Russia",NA
168.90046,60.5735500000001,"Russia",NA
166.29498,59.7885500000002,"Russia",NA
165.84,60.16,"Russia",NA
164.87674,59.7316,"Russia",NA
163.53929,59.86871,"Russia",NA
163.21711,59.21101,"Russia",NA
162.01733,58.24328,"Russia",NA
162.05297,57.83912,"Russia",NA
163.19191,57.6150300000001,"Russia",NA
163.05794,56.1592400000001,"Russia",NA
162.12958,56.12219,"Russia",NA
161.70146,55.2856800000002,"Russia",NA
162.11749,54.85514,"Russia",NA
160.36877,54.3443300000001,"Russia",NA
160.02173,53.2025700000001,"Russia",NA
158.53094,52.9586800000002,"Russia",NA
158.23118,51.94269,"Russia",NA
156.78979,51.0110500000001,"Russia",NA
156.42,51.7,"Russia",NA
155.99182,53.15895,"Russia",NA
155.43366,55.3810300000001,"Russia",NA
155.91442,56.7679200000001,"Russia",NA
156.75815,57.3647,"Russia",NA
156.81035,57.83204,"Russia",NA
158.36433,58.05575,"Russia",NA
160.15064,59.3147700000001,"Russia",NA
161.87204,60.3430000000001,"Russia",NA
163.66969,61.1409000000001,"Russia",NA
164.47355,62.55061,"Russia",NA
163.25842,62.4662700000001,"Russia",NA
162.65791,61.6425,"Russia",NA
160.12148,60.5442300000001,"Russia",NA
159.30232,61.7739600000001,"Russia",NA
156.72068,61.43442,"Russia",NA
154.21806,59.7581800000001,"Russia",NA
155.04375,59.1449500000001,"Russia",NA
152.81185,58.8838500000001,"Russia",NA
151.26573,58.78089,"Russia",NA
151.33815,59.5039600000001,"Russia",NA
149.78371,59.6557300000001,"Russia",NA
148.54481,59.16448,"Russia",NA
145.48722,59.33637,"Russia",NA
142.19782,59.0399800000001,"Russia",NA
138.95848,57.08805,"Russia",NA
135.12619,54.7295900000001,"Russia",NA
136.70171,54.6035500000001,"Russia",NA
137.19342,53.97732,"Russia",NA
138.1647,53.7550100000003,"Russia",NA
138.80463,54.2545500000001,"Russia",NA
139.90151,54.1896800000002,"Russia",NA
141.34531,53.0895700000001,"Russia",NA
141.37923,52.23877,"Russia",NA
140.59742,51.2396700000001,"Russia",NA
140.51308,50.0455300000001,"Russia",NA
140.06193,48.4467100000002,"Russia",NA
138.55472,46.99965,"Russia",NA
138.21971,46.30795,"Russia",NA
136.86232,45.1435000000002,"Russia",NA
135.51535,43.9890000000001,"Russia",NA
134.86939,43.3982100000001,"Russia",NA
133.53687,42.8114700000001,"Russia",NA
132.90627,42.7984900000001,"Russia",NA
132.27807,43.2845600000001,"Russia",NA
130.93587,42.5527400000001,"Russia",NA
130.78,42.2200000000002,"Russia",NA
130.64,42.395,"Russia",NA
130.63386640841,42.9030146347706,"Russia",NA
131.144687941615,42.9299897324269,"Russia",NA
131.288555129116,44.1115196803483,"Russia",NA
131.02519,44.9679600000001,"Russia",NA
131.88345421766,45.3211616074365,"Russia",NA
133.09712,45.1440900000001,"Russia",NA
133.769643996313,46.1169269882992,"Russia",NA
134.11235,47.2124800000001,"Russia",NA
134.50081,47.5784500000001,"Russia",NA
135.026311476787,48.4782298854439,"Russia",NA
133.373595819228,48.1834416774348,"Russia",NA
132.50669,47.78896,"Russia",NA
130.98726,47.79013,"Russia",NA
130.582293328983,48.7296874049762,"Russia",NA
129.397817824421,49.4406000840156,"Russia",NA
127.6574,49.7602700000001,"Russia",NA
127.287455682485,50.7397972682654,"Russia",NA
126.939156528838,51.3538941514059,"Russia",NA
126.564399041857,51.7842554795327,"Russia",NA
125.946348911646,52.792798570357,"Russia",NA
125.06821129771,53.1610448268689,"Russia",NA
123.57147,53.4588,"Russia",NA
122.245747918793,53.4317259792137,"Russia",NA
121.00308475147,53.2514010687312,"Russia",NA
120.177088657717,52.7538862168412,"Russia",NA
120.725789015792,52.5162263047309,"Russia",NA
120.7382,51.96411,"Russia",NA
120.18208,51.6435500000001,"Russia",NA
119.27939,50.58292,"Russia",NA
119.288460728026,50.142882798862,"Russia",NA
117.879244419426,49.510983384797,"Russia",NA
116.678800897286,49.8885313991214,"Russia",NA
115.485695428531,49.8051773138347,"Russia",NA
114.96210981655,50.1402473008151,"Russia",NA
114.362456496235,50.2483027207375,"Russia",NA
112.897739699354,49.543565375357,"Russia",NA
111.581230910287,49.3779682480777,"Russia",NA
110.662010532679,49.1301280788059,"Russia",NA
109.402449171997,49.2929605169577,"Russia",NA
108.475167270951,49.2825477158507,"Russia",NA
107.868175897251,49.7937051458659,"Russia",NA
106.888804152455,50.2742959661803,"Russia",NA
105.886591424587,50.4060191920922,"Russia",NA
104.62158,50.2753200000002,"Russia",NA
103.67654544476,50.0899661321951,"Russia",NA
102.25589,50.5105600000001,"Russia",NA
102.06521,51.2599100000001,"Russia",NA
100.889480421963,51.5168557806384,"Russia",NA
99.9817322123236,51.634006252644,"Russia",NA
98.8614905131005,52.0473660345467,"Russia",NA
97.8257397806745,51.0109951849333,"Russia",NA
98.2317615091917,50.4224006211287,"Russia",NA
97.2597600000002,49.72605,"Russia",NA
95.8140200000002,49.9774600000001,"Russia",NA
94.8159493346988,50.0134333359709,"Russia",NA
94.1475663594356,50.4805366074572,"Russia",NA
93.10421,50.49529,"Russia",NA
92.2347115417197,50.8021707220418,"Russia",NA
90.7136674336408,50.3318118353211,"Russia",NA
88.8055668476956,49.4705207383125,"Russia",NA
87.7512642760769,49.2971979844056,"Russia",NA
87.3599703307627,49.2149807806292,"Russia",NA
86.8293567239897,49.8266747096681,"Russia",NA
85.5412699726825,49.6928585882482,"Russia",NA
85.1155595234621,50.1173029648776,"Russia",NA
84.4163773945531,50.3113996445658,"Russia",NA
83.9351147806189,50.8892455104536,"Russia",NA
83.3830037780125,51.0691828476939,"Russia",NA
81.94598554884,50.8121959499063,"Russia",NA
80.5684468932355,51.3883364935284,"Russia",NA
80.0355595234417,50.8647508815472,"Russia",NA
77.8009155618443,53.4044149847475,"Russia",NA
76.5251794778548,54.1770034857271,"Russia",NA
76.8911002949135,54.4905244004419,"Russia",NA
74.3848200000001,53.5468500000001,"Russia",NA
73.4256787454205,53.4898102891098,"Russia",NA
73.5085160663844,54.0356167669766,"Russia",NA
72.2241500182022,54.3766553818868,"Russia",NA
71.1801310566095,54.1332852240083,"Russia",NA
70.8652665546552,55.1697335882701,"Russia",NA
69.0681669452729,55.3852501491435,"Russia",NA
68.1691003762589,54.9703917507044,"Russia",NA
65.6668700000001,54.6012500000002,"Russia",NA
65.178533563096,54.3542278102721,"Russia",NA
61.4366000000001,54.00625,"Russia",NA
60.9780664406832,53.6649933945791,"Russia",NA
61.6999861998006,52.9799964463343,"Russia",NA
60.7399931171146,52.7199864772577,"Russia",NA
60.9272685077403,52.447548326215,"Russia",NA
59.9675338072156,51.9604204372157,"Russia",NA
61.5880033710241,51.2726587998432,"Russia",NA
61.337424350841,50.7990701361043,"Russia",NA
59.9328072447156,50.8421941188518,"Russia",NA
59.6422823423706,50.5454422064157,"Russia",NA
58.3633200000001,51.06364,"Russia",NA
56.7779800000001,51.0435500000001,"Russia",NA
55.7169400000001,50.6217100000001,"Russia",NA
54.5328784523762,51.0262397324594,"Russia",NA
52.3287235858311,51.7186522487381,"Russia",NA
50.7666483905122,51.6927623561599,"Russia",NA
48.7023816261811,50.6051284857128,"Russia",NA
48.5778414243576,49.8747596299156,"Russia",NA
47.5494804217494,50.4546983913111,"Russia",NA
46.7515963071628,49.3560057643537,"Russia",NA
47.0436715024766,49.1520388860976,"Russia",NA
46.4664457537763,48.3941523301049,"Russia",NA
47.3152400000002,47.7158500000001,"Russia",NA
48.05725,47.74377,"Russia",NA
48.6947335142019,47.0756281601779,"Russia",NA
48.5932500000002,46.5610400000001,"Russia",NA
49.1011600000001,46.3993300000001,"Russia",NA
48.6454100000001,45.8062900000001,"Russia",NA
47.67591,45.6414900000001,"Russia",NA
46.6820100000001,44.6092000000001,"Russia",NA
47.59094,43.6601600000001,"Russia",NA
47.49252,42.9865800000001,"Russia",NA
48.5843700000002,41.80888,"Russia",NA
47.987283156126,41.4058192001944,"Russia",NA
47.8156657244847,41.1514161240214,"Russia",NA
47.3733154640664,41.2197323675111,"Russia",NA
46.6860705910167,41.8271371526699,"Russia",NA
46.4049507993489,41.8606751572274,"Russia",NA
45.7764,42.0924400000002,"Russia",NA
45.4702791684859,42.50278066667,"Russia",NA
44.5376229184821,42.7119927028037,"Russia",NA
43.9312100000001,42.5549600000001,"Russia",NA
43.7559900000002,42.7408300000001,"Russia",NA
42.3944000000002,43.2203,"Russia",NA
40.9221900000001,43.3821500000001,"Russia",NA
40.0769649594799,43.5531041530025,"Russia",NA
39.9550085792711,43.4349976669993,"Russia",NA
38.68,44.2800000000001,"Russia",NA
37.5391200000001,44.65721,"Russia",NA
36.6754600000001,45.2446900000001,"Russia",NA
37.4031700000001,45.4045100000001,"Russia",NA
38.23295,46.24087,"Russia",NA
37.6737200000001,46.63657,"Russia",NA
39.1476700000001,47.0447500000001,"Russia",NA
39.1212000000001,47.2633600000001,"Russia",NA
38.2235380388995,47.102189846376,"Russia",NA
38.2551123390298,47.546400458357,"Russia",NA
38.77057,47.8256200000002,"Russia",NA
39.738277622239,47.8989370794521,"Russia",NA
39.8956200000002,48.23241,"Russia",NA
39.67465,48.7838200000001,"Russia",NA
40.0807890154695,49.3074299179994,"Russia",NA
40.0690400000001,49.60105,"Russia",NA
38.5949882342136,49.9264619004237,"Russia",NA
38.0106311378571,49.9156615260747,"Russia",NA
37.3934595069952,50.3839533555037,"Russia",NA
36.6261678403254,50.2255909287451,"Russia",NA
35.3561161638881,50.5771973740592,"Russia",NA
35.37791,50.7739400000001,"Russia",NA
35.0221830584179,51.2075723333715,"Russia",NA
34.2248157081544,51.2559931504289,"Russia",NA
34.1419783871906,51.5664134792062,"Russia",NA
34.3917305844572,51.7688817409259,"Russia",NA
33.7526998227359,52.3350745713317,"Russia",NA
32.7157605323672,52.2384654811622,"Russia",NA
32.4120581397878,52.2886949733498,"Russia",NA
32.1594400000002,52.0612500000001,"Russia",NA
31.78597,52.1016800000001,"Russia",NA
31.5400183448623,52.7420523138464,"Russia",NA
31.305200636528,53.0739958766733,"Russia",NA
31.49764,53.1674300000001,"Russia",NA
32.3045194841884,53.1327261419729,"Russia",NA
32.6936430193461,53.3514208034321,"Russia",NA
32.4055985857512,53.618045355842,"Russia",NA
31.7312728207746,53.794029446012,"Russia",NA
31.7914241879624,53.9746385768722,"Russia",NA
31.3844722836638,54.1570563828624,"Russia",NA
30.7575338070988,54.8117709417844,"Russia",NA
30.9718359718132,55.0815477565641,"Russia",NA
30.8739091326201,55.5509764675035,"Russia",NA
29.8962943865224,55.7894632025305,"Russia",NA
29.3715718930308,55.6700906439363,"Russia",NA
29.2295133806604,55.9183442246664,"Russia",NA
28.1767094255779,56.1691299505788,"Russia",NA
27.8552820167225,56.7593264837844,"Russia",NA
27.770015903441,57.2442581244112,"Russia",NA
27.2881848487517,57.4745283067039,"Russia",NA
27.7166858253158,57.7918991156245,"Russia",NA
27.4201500000002,58.7245700000001,"Russia",NA
28.1316992530519,59.300825100331,"Russia",NA
27.98112,59.4753700000001,"Russia",NA
29.1177,60.0280500000001,"Russia",NA
28.0700000000001,60.5035200000002,"Russia",NA
30.2111072120447,61.7800277777497,"Russia",NA
31.139991082491,62.3576927761245,"Russia",NA
31.5160921567113,62.8676874864129,"Russia",NA
30.0358724301428,63.5528136257386,"Russia",NA
30.4446846860037,64.2044534369391,"Russia",NA
29.544429559047,64.9486715765906,"Russia",NA
30.2176500000001,65.8059799999999,"Russia",NA
29.0545886573524,66.944286200622,"Russia",NA
29.9774263852207,67.6982970241928,"Russia",NA
28.4459436378188,68.364612942164,"Russia",NA
28.5919295590434,69.0647769232867,"Russia",NA
29.39955,69.1569200000002,"Russia",NA
31.1010800000001,69.5581100000001,"Russia",NA
32.1327200000003,69.9059500000002,"Russia",NA
33.7754700000001,69.3014200000001,"Russia",NA
36.5139600000001,69.0634200000001,"Russia",NA
40.2923400000002,67.9324,"Russia",NA
41.0598700000001,67.4571300000001,"Russia",NA
41.1259500000002,66.7915800000001,"Russia",NA
40.0158300000001,66.2661800000001,"Russia",NA
38.38295,65.9995300000001,"Russia",NA
33.9187100000002,66.75961,"Russia",NA
33.18444,66.6325299999999,"Russia",NA
34.8147700000001,65.9001500000001,"Russia",NA
34.8785742530788,65.4362128770482,"Russia",NA
34.9439100000002,64.4143700000002,"Russia",NA
36.23129,64.10945,"Russia",NA
37.0127300000001,63.8498300000001,"Russia",NA
37.1419700000002,64.3347100000001,"Russia",NA
36.5395790350898,64.76446,"Russia",NA
37.1760400000001,65.1432200000001,"Russia",NA
39.59345,64.5207900000002,"Russia",NA
40.4356000000001,64.76446,"Russia",NA
39.7626000000002,65.49682,"Russia",NA
42.0930900000001,66.47623,"Russia",NA
43.0160400000001,66.4185800000001,"Russia",NA
43.9497500000001,66.06908,"Russia",NA
44.53226,66.7563400000001,"Russia",NA
43.69839,67.35245,"Russia",NA
44.1879500000001,67.9505100000001,"Russia",NA
43.45282,68.57079,"Russia",NA
46.2500000000001,68.25,"Russia",NA
46.8213400000002,67.6899700000001,"Russia",NA
45.55517,67.56652,"Russia",NA
45.5620200000001,67.0100500000002,"Russia",NA
46.3491500000002,66.6676700000001,"Russia",NA
47.8941600000003,66.8845500000002,"Russia",NA
48.1387600000001,67.52238,"Russia",NA
50.2276600000002,67.9986700000001,"Russia",NA
53.7174300000002,68.8573800000001,"Russia",NA
54.4717100000001,68.80815,"Russia",NA
53.4858200000001,68.20131,"Russia",NA
54.7262800000001,68.09702,"Russia",NA
55.4426800000001,68.4386600000001,"Russia",NA
57.3170200000002,68.4662800000001,"Russia",NA
58.8020000000002,68.8808199999999,"Russia",NA
59.9414200000002,68.2784400000001,"Russia",NA
61.0778400000002,68.9406900000001,"Russia",NA
60.03,69.5200000000001,"Russia",NA
60.55,69.85,"Russia",NA
63.5040000000002,69.5473900000001,"Russia",NA
64.888115,69.2348350000001,"Russia",NA
68.5121600000001,68.0923300000002,"Russia",NA
69.1806800000001,68.6156300000001,"Russia",NA
68.16444,69.14436,"Russia",NA
68.1352200000001,69.3564900000001,"Russia",NA
66.9300800000001,69.4546100000001,"Russia",NA
67.2597600000001,69.9287300000001,"Russia",NA
66.7249200000001,70.7088900000001,"Russia",NA
66.69466,71.0289700000002,"Russia",NA
68.5400600000001,71.9345000000002,"Russia",NA
69.1963600000001,72.8433600000002,"Russia",NA
69.94,73.0400000000001,"Russia",NA
72.5875400000001,72.7762900000001,"Russia",NA
72.7960300000001,72.22006,"Russia",NA
71.8481100000001,71.4089800000001,"Russia",NA
72.47011,71.0901900000001,"Russia",NA
72.79188,70.39114,"Russia",NA
72.5647000000002,69.02085,"Russia",NA
73.6678700000001,68.4079,"Russia",NA
73.2387,67.7404,"Russia",NA
71.2800000000001,66.3200000000002,"Russia",NA
72.4230100000002,66.1726700000002,"Russia",NA
72.82077,66.5326700000001,"Russia",NA
73.9209900000002,66.7894600000001,"Russia",NA
74.1865100000002,67.28429,"Russia",NA
75.052,67.7604700000002,"Russia",NA
74.4692600000002,68.3289900000001,"Russia",NA
74.9358400000001,68.9891800000001,"Russia",NA
73.84236,69.0714600000001,"Russia",NA
73.6018700000002,69.62763,"Russia",NA
74.3998000000001,70.63175,"Russia",NA
73.1011000000001,71.4471700000003,"Russia",NA
74.8908200000002,72.1211900000001,"Russia",NA
74.65926,72.8322700000001,"Russia",NA
75.1580100000002,72.8549700000001,"Russia",NA
75.6835100000001,72.3005600000001,"Russia",NA
75.2889800000001,71.3355600000001,"Russia",NA
76.35911,71.1528700000001,"Russia",NA
75.9031300000002,71.8740100000001,"Russia",NA
77.5766500000001,72.26717,"Russia",NA
79.6520200000001,72.32011,"Russia",NA
81.5,71.75,"Russia",NA
80.6107100000001,72.5828500000001,"Russia",NA
80.51109,73.6482,"Russia",NA
82.2500000000001,73.8500000000001,"Russia",NA
84.6552600000001,73.8059100000002,"Russia",NA
86.8223000000002,73.93688,"Russia",NA
86.00956,74.4596700000002,"Russia",NA
87.1668200000002,75.11643,"Russia",NA
88.3157100000001,75.14393,"Russia",NA
90.2600000000001,75.64,"Russia",NA
92.9005800000001,75.7733300000001,"Russia",NA
93.2342100000002,76.0472000000001,"Russia",NA
95.8600000000002,76.1400000000001,"Russia",NA
96.6782100000001,75.91548,"Russia",NA
98.9225400000002,76.44689,"Russia",NA
100.75967,76.43028,"Russia",NA
101.03532,76.8618900000001,"Russia",NA
101.99084,77.2875400000002,"Russia",NA
104.3516,77.69792,"Russia",NA
106.06664,77.37389,"Russia",NA
104.705,77.1274000000001,"Russia",NA
106.97013,76.97419,"Russia",NA
20.8743127784134,45.4163754339343,"Serbia",NA
21.4835262387022,45.1811701523579,"Serbia",NA
21.5620227393537,44.7689472519656,"Serbia",NA
22.1450879249029,44.4784223496206,"Serbia",NA
22.459022251076,44.7025171982544,"Serbia",NA
22.7057255388374,44.578002834647,"Serbia",NA
22.4740084164407,44.4092276067818,"Serbia",NA
22.6571496924831,44.2349230006614,"Serbia",NA
22.4104464047216,44.0080634629001,"Serbia",NA
22.5001566911802,43.642814439461,"Serbia",NA
22.9860185075885,43.2111612005271,"Serbia",NA
22.6048014665714,42.8985187851611,"Serbia",NA
22.4365946794614,42.580321153324,"Serbia",NA
22.5450118344096,42.461362006188,"Serbia",NA
22.3805257504247,42.3202595078151,"Serbia",NA
21.9170800000001,42.30364,"Serbia",NA
21.5766359894021,42.2452243970619,"Serbia",NA
21.5433200000001,42.3202500000001,"Serbia",NA
21.66292,42.43922,"Serbia",NA
21.77505,42.6827,"Serbia",NA
21.63302,42.67717,"Serbia",NA
21.43866,42.8625499999999,"Serbia",NA
21.27421,42.9095900000001,"Serbia",NA
21.1433950000001,43.0686850000001,"Serbia",NA
20.95651,43.1309400000001,"Serbia",NA
20.81448,43.2720500000001,"Serbia",NA
20.63508,43.21671,"Serbia",NA
20.49679,42.88469,"Serbia",NA
20.2575800000001,42.8127500000001,"Serbia",NA
20.3398000000001,42.89852,"Serbia",NA
19.9585700000001,43.1060400000001,"Serbia",NA
19.63,43.2137799702705,"Serbia",NA
19.48389,43.35229,"Serbia",NA
19.21852,43.52384,"Serbia",NA
19.4540000000001,43.5681000000001,"Serbia",NA
19.5997600000001,44.03847,"Serbia",NA
19.1176100000001,44.4230700000001,"Serbia",NA
19.3680299999999,44.8630000000001,"Serbia",NA
19.0054800000001,44.86023,"Serbia",NA
19.3904757015846,45.2365156113424,"Serbia",NA
19.0727689958542,45.5215111354321,"Serbia",NA
18.8298200000001,45.9088800000001,"Serbia",NA
19.5960445492416,46.1717298447446,"Serbia",NA
20.2201924984629,46.1274689804866,"Serbia",NA
20.76217492034,45.7345730657715,"Serbia",NA
20.8743127784134,45.4163754339343,"Serbia",NA
18.8531441586136,49.4962297633776,"Slovakia",NA
18.9095748226763,49.4358458522446,"Slovakia",NA
19.3207125179905,49.5715740016592,"Slovakia",NA
19.8250228207269,49.2171253525692,"Slovakia",NA
20.4158394711199,49.4314533554998,"Slovakia",NA
20.8879553565384,49.3287722845358,"Slovakia",NA
21.6078080583642,49.4701073268541,"Slovakia",NA
22.5581376482118,49.0857380234671,"Slovakia",NA
22.2808419125336,48.8253921575807,"Slovakia",NA
22.0856083513349,48.4222643092718,"Slovakia",NA
21.8722363624017,48.31997081155,"Slovakia",NA
20.8012939795849,48.6238540716424,"Slovakia",NA
20.4735620459899,48.5628500433218,"Slovakia",NA
20.2390543962493,48.3275672470969,"Slovakia",NA
19.7694706560131,48.2026911484636,"Slovakia",NA
19.6613635596585,48.2666148952087,"Slovakia",NA
19.1743648617399,48.1113788926039,"Slovakia",NA
18.7770247738477,48.0817682969006,"Slovakia",NA
18.6965128923369,47.8809536810144,"Slovakia",NA
17.85713260262,47.7584288600504,"Slovakia",NA
17.4884729346498,47.8674661321862,"Slovakia",NA
16.979666782304,48.1234970159763,"Slovakia",NA
16.879982944413,48.4700133327095,"Slovakia",NA
16.9602881201946,48.5969823268506,"Slovakia",NA
17.1019848975389,48.8169688991171,"Slovakia",NA
17.5450069515771,48.8000190293254,"Slovakia",NA
17.8864848161618,48.9034752467737,"Slovakia",NA
17.9135115902505,48.9964928248991,"Slovakia",NA
18.1049727718919,49.0439834661753,"Slovakia",NA
18.170498488038,49.2715147975564,"Slovakia",NA
18.3999935238462,49.31500051533,"Slovakia",NA
18.5549711442895,49.4950153672188,"Slovakia",NA
18.8531441586136,49.4962297633776,"Slovakia",NA
13.8064754574215,46.5093061386912,"Slovenia",NA
14.6324715511748,46.4318173284695,"Slovenia",NA
15.137091912505,46.658702704447,"Slovenia",NA
16.0116638526127,46.6836107448117,"Slovenia",NA
16.2022982113374,46.852385972677,"Slovenia",NA
16.3705049984474,46.8413272161665,"Slovenia",NA
16.5648083838649,46.5037509222198,"Slovenia",NA
15.7687329444086,46.2381082220234,"Slovenia",NA
15.6715295752676,45.8341535507979,"Slovenia",NA
15.3239538916724,45.7317825384277,"Slovenia",NA
15.3276745947974,45.4523163925932,"Slovenia",NA
14.9352437679729,45.4716950547027,"Slovenia",NA
14.5951094906278,45.6349409043127,"Slovenia",NA
14.4119682145854,45.4661656764475,"Slovenia",NA
13.7150598486972,45.5003237981924,"Slovenia",NA
13.9376302425783,45.5910159368646,"Slovenia",NA
13.6981099789055,46.0167780625174,"Slovenia",NA
13.8064754574215,46.5093061386912,"Slovenia",NA
22.1831734555019,65.7237405463202,"Sweden",NA
21.2135168799772,65.0260053575153,"Sweden",NA
21.369631381931,64.4135879584243,"Sweden",NA
19.7788757666902,63.609554348395,"Sweden",NA
17.8477791683752,62.7494001328968,"Sweden",NA
17.1195548845181,61.341165676511,"Sweden",NA
17.8313460629064,60.6365833604274,"Sweden",NA
18.7877217953321,60.0819143744226,"Sweden",NA
17.8692248877763,58.9537661810587,"Sweden",NA
16.8291850114701,58.7198269720734,"Sweden",NA
16.4477095882915,57.0411180690719,"Sweden",NA
15.8797855974038,56.1043018662687,"Sweden",NA
14.6666813493521,56.2008851182222,"Sweden",NA
14.1007210628915,55.4077810736227,"Sweden",NA
12.9429105973921,55.3617373724506,"Sweden",NA
12.625100538797,56.307080186582,"Sweden",NA
11.7879423356687,57.4418171250631,"Sweden",NA
11.0273686051969,58.8561494004594,"Sweden",NA
11.4682719255111,59.432393296946,"Sweden",NA
12.3003658382749,60.11793284773,"Sweden",NA
12.6311466813752,61.2935716823701,"Sweden",NA
11.9920642432216,61.8003624538566,"Sweden",NA
11.9305692887942,63.128317572677,"Sweden",NA
12.5799353369739,64.0662189805583,"Sweden",NA
13.5719161312487,64.0491140814697,"Sweden",NA
13.9199052263022,64.4454206407161,"Sweden",NA
13.5556897315091,64.7870276963815,"Sweden",NA
15.108411492583,66.1938668890955,"Sweden",NA
16.1087121924568,67.3024555528369,"Sweden",NA
16.7688786149855,68.0139366726314,"Sweden",NA
17.7291817562653,68.0105518663163,"Sweden",NA
17.9938684424643,68.5673912624774,"Sweden",NA
19.8785596045813,68.4071943223726,"Sweden",NA
20.0252689958579,69.0651386583127,"Sweden",NA
20.6455928890895,69.1062472602009,"Sweden",NA
21.9785347836261,68.6168456081807,"Sweden",NA
23.5394730974344,67.9360086127353,"Sweden",NA
23.5658797543356,66.3960509304374,"Sweden",NA
23.9033785336338,66.0069273952796,"Sweden",NA
22.1831734555019,65.7237405463202,"Sweden",NA
31.7859981625716,52.1016779648855,"Ukraine",NA
32.1594120623127,52.0612669948332,"Ukraine",NA
32.4120581397876,52.2886949733497,"Ukraine",NA
32.715760532367,52.2384654811621,"Ukraine",NA
33.7526998227357,52.3350745713317,"Ukraine",NA
34.391730584457,51.7688817409258,"Ukraine",NA
34.1419783871904,51.5664134792062,"Ukraine",NA
34.2248157081543,51.255993150429,"Ukraine",NA
35.0221830584179,51.2075723333715,"Ukraine",NA
35.3779236183151,50.7739553900104,"Ukraine",NA
35.3561161638879,50.5771973740591,"Ukraine",NA
36.6261678403253,50.2255909287451,"Ukraine",NA
37.3934595069951,50.3839533555036,"Ukraine",NA
38.0106311378569,49.9156615260746,"Ukraine",NA
38.5949882342134,49.9264619004236,"Ukraine",NA
40.0690584653391,49.6010554062817,"Ukraine",NA
40.0807890154693,49.3074299179993,"Ukraine",NA
39.6746639340875,48.7838184678019,"Ukraine",NA
39.8956323585676,48.2324050970314,"Ukraine",NA
39.7382776222388,47.898937079452,"Ukraine",NA
38.7705847511412,47.8256082220298,"Ukraine",NA
38.2551123390298,47.5464004583568,"Ukraine",NA
38.2235380388994,47.1021898463759,"Ukraine",NA
37.42513715999,47.0222205674042,"Ukraine",NA
36.7598547706644,46.6987002630409,"Ukraine",NA
35.8236845232648,46.6459644638871,"Ukraine",NA
34.9623417498239,46.2731965195496,"Ukraine",NA
35.020787794746,45.6512189804847,"Ukraine",NA
35.5100085792532,45.4099933945462,"Ukraine",NA
36.5299979998302,45.4699897324371,"Ukraine",NA
36.3347127621992,45.113215643894,"Ukraine",NA
35.2399992205281,44.9399962428516,"Ukraine",NA
33.8825110206529,44.3614785833441,"Ukraine",NA
33.32642093276,44.5648770208449,"Ukraine",NA
33.5469242693495,45.0347708196749,"Ukraine",NA
32.4541744321055,45.3274661321761,"Ukraine",NA
32.6308044776791,45.5191856959789,"Ukraine",NA
33.5881620623184,45.8515685084802,"Ukraine",NA
33.2985673357547,46.0805984563978,"Ukraine",NA
31.7441402524152,46.3333478867374,"Ukraine",NA
31.6753072446024,46.7062450221555,"Ukraine",NA
30.7487488136091,46.583100084004,"Ukraine",NA
30.3776086768889,46.0324101832857,"Ukraine",NA
29.6032890154274,45.2933080104311,"Ukraine",NA
29.1497249692017,45.4649254420725,"Ukraine",NA
28.6797794939394,45.3040308701317,"Ukraine",NA
28.233553501099,45.4882831894684,"Ukraine",NA
28.4852694027928,45.5969070501459,"Ukraine",NA
28.6599874203716,45.9399868841316,"Ukraine",NA
28.9337174822216,46.2588304713725,"Ukraine",NA
28.8629724464141,46.4378893092638,"Ukraine",NA
29.0721069678993,46.5176777207225,"Ukraine",NA
29.1706539242799,46.3792623968287,"Ukraine",NA
29.7599719581364,46.3499876979354,"Ukraine",NA
30.0246586443354,46.423936672545,"Ukraine",NA
29.8382100766263,46.5253258327017,"Ukraine",NA
29.9088517595693,46.6743606634315,"Ukraine",NA
29.5596741065731,46.9285828720913,"Ukraine",NA
29.4151351254527,47.3466452093326,"Ukraine",NA
29.0508679542273,47.5102269557525,"Ukraine",NA
29.122698195113,47.8490951605065,"Ukraine",NA
28.6708911475852,48.1181485052341,"Ukraine",NA
28.2595467465418,48.1555622422134,"Ukraine",NA
27.5225374691952,48.4671194525011,"Ukraine",NA
26.8578235206248,48.3682107610945,"Ukraine",NA
26.6193367855978,48.2207262233335,"Ukraine",NA
26.1974503923669,48.2208812526303,"Ukraine",NA
25.9459411964024,47.9871487493742,"Ukraine",NA
25.207743361113,47.8910564235275,"Ukraine",NA
24.8663171729606,47.7375257431883,"Ukraine",NA
24.4020561052504,47.9818777532804,"Ukraine",NA
23.7609582862374,47.9855984564055,"Ukraine",NA
23.1422363624068,48.0963410508069,"Ukraine",NA
22.7105314470405,47.8821939153894,"Ukraine",NA
22.6408199398788,48.1502395696874,"Ukraine",NA
22.0856083513349,48.4222643092718,"Ukraine",NA
22.2808419125336,48.8253921575807,"Ukraine",NA
22.5581376482118,49.0857380234671,"Ukraine",NA
22.7764188982126,49.0273953314096,"Ukraine",NA
22.5184501482116,49.4767735866197,"Ukraine",NA
23.4265084164444,50.3085057643575,"Ukraine",NA
23.9227571957433,50.4248810898788,"Ukraine",NA
24.0299857927489,50.7054066025752,"Ukraine",NA
23.5270707536844,51.5784540879302,"Ukraine",NA
24.0050777523842,51.6174439560945,"Ukraine",NA
24.5531063168395,51.8884610052492,"Ukraine",NA
25.327787713327,51.9106560329186,"Ukraine",NA
26.3379586117686,51.8322887233479,"Ukraine",NA
27.4540661964084,51.5923033717845,"Ukraine",NA
28.2416150245366,51.5722270778391,"Ukraine",NA
28.6176127458922,51.4277139349348,"Ukraine",NA
28.9928353207635,51.6020443792715,"Ukraine",NA
29.2549381853479,51.3682343613669,"Ukraine",NA
30.1573637224609,51.4161384141015,"Ukraine",NA
30.5551172218115,51.3195034857157,"Ukraine",NA
30.6194543800148,51.8228060980224,"Ukraine",NA
30.927549269339,52.0423534206144,"Ukraine",NA
31.7859981625716,52.1016779648855,"Ukraine",NA
14.5661706885444,35.8527214625419,"Malta",NA
14.5326843604192,35.8201911484141,"Malta",NA
14.4364628434917,35.8216639267344,"Malta",NA
14.3523336117207,35.8722809921643,"Malta",NA
14.3513000830748,35.9783985458757,"Malta",NA
14.4483484229189,35.9574437525814,"Malta",NA
14.5370251807317,35.8862853053154,"Malta",NA
14.5661706885444,35.8527214625419,"Malta",NA
